Trumpen ↓0;d¦
asmoen ↓0;d¦--
harira ↓0;d¦+t+u
Hegseth ↓0;d¦
Defentsa ↓0;d¦
idazkariak ↓0;d¦--
azpimarratu ↓0;d¦
nahi ↓0;d¦
izan ↓0;d¦
du ↓0;d-¦+k+a+n
ezein ↓0;d¦
herrialdek ↓0;d¦-
ez ↓0;d¦
duela ↓0;d-¦--+k→+n
AEBek ↓0;d¦
baino ↓0;d¦
konpromiso ↓0;d¦
handiagoa ↓0;d¦----
hartu ↓0;d¦
Ukrainan ↓0;d¦
EBko ↓0;d¦--
potentziek ↓0;d¦--+a
negoziazioetan ↓0;d¦---+k
parte ↓0;d¦
hartu ↓0;d¦
beharko ↓0;d¦--+_+i+z+a+n
luketela ↓0;d+*+e¦---+n
aldarrikatu ↓0;d¦
dute ↓0;d-¦--+k+a+n
