[
  {
    "Word": "Anton Arriola",
    "Entity Group": "PER"
  },
  {
    "Word": " Kutxabankeko",
    "Entity Group": "ORG"
  },
  {
    "Word": "Euskara",
    "Entity Group": "MISC"
  },
  {
    "Word": " Polonia",
    "Entity Group": "LOC"
  },
  {
    "Word": "Bilboko Merkataritza Ganberak",
    "Entity Group": "ORG"
  },
  {
    "Word": "Pol",
    "Entity Group": "LOC"
  },
  {
    "Word": "oniako",
    "Entity Group": "LOC"
  },
  {
    "Word": " Bilbora",
    "Entity Group": "LOC"
  },
  {
    "Word": " Polonia",
    "Entity Group": "LOC"
  }
]